no,nama,comments,rating,link
1,Bumper Pocket Case," ga sepadan harusnya lebi mahal lagiii
yaa walaupun pengirimannya lama buanget ya mungkin krna lebaran kali ya maklum lah. tapi ini terlalu mure bgt buat harga seginiiii. ini bahannya gelo si parah cakepp. apaansii niat jualan gaaa, MAHALIN CEPET. GA TEGA SECAKEP INI MURAH.",5,https://bit.ly/BumperCasing
2,Premium Case Print Catalogue,"Admin ga kooperatif ditanya-tanya susah dan lama jawabnya. Awalnya nanya2 via wa, yg ditanya ga dijawab hanya dikirkm2in foto cara order dishopee, padahal lg nanya bahan krn maunya softcase bukan hardcase. Ownernya jg sama aja ga mau dikomplain, sangat payah pelayanannya nyalah2in pembeli ",1,https://bit.ly/PremiumCasePrintCatalogue
3,Utra Grip Case 2.0,"adminnya baik bangett, aku dapat bonus popsocket sm pena lucuu, bahan case ny juga bangun banget, makasih admin ",5,https://bit.ly/UltraGripCase2
4,Ultra Tech+ Case,"Agak bingung ngga sesuai dengan request sih, warna lilacnya terlalu tua. Casenya juga ngga terlalu tebal (aku pernah beli case yg harganya 11:12 sama jni, tapi ini beda banget) costum nama ngga sesuai warna dan ngga rapih",3,https://bit.ly/UltraTechCase
5,Ultra Tech+ Case,"Agak kecewa printnya krg bagus & ukuran casing ga pas, gada solusi sm skali meskipun komplain :)",3,https://bit.ly/UltraTechCase
6,Premium Case Print Catalogue,agak kecewa sih... temen beli harga promo tp gambarnya bagus ga pecah. tp sy dpt nya pecah wkwk rezekinya krg baik kali ya.. tp kyuuuut sii tetep sukaaa. semoga next buy ga pecah lagi yaa,4,https://bit.ly/PremiumCasePrintCatalogue
7,Premium Case Print Catalogue,"Ak ubah ya penilaiannya, utk 2 cases ak kecewa soalnya gbr nya kepotong di bagian kamera,. Akan lbh baik kalau gbr nya di perkecil sesuai cases nya. Utk wrna gbr nya kurang terang dan tipis. Yg bs saya pake cmn yg cases tiket aja.. Btw makasi bonus stiker nya",3,https://bit.ly/PremiumCasePrintCatalogue
8,Premium Case Print Catalogue,Akhirnya barangnya case baru nyampe dengan aman. neomu yeppeo~ cantik banget desainnya sesuai yg pilih di gambar. Semoga awet setelah baca Care Instruction ini. Oya Respon penjual ramah banget pas nanya ini itu  terima kasih kak!,5,https://bit.ly/PremiumCasePrintCatalogue
9,Utra Grip Case 2.0,"Akkk thank you barang sampai dengan selamat, case termahal & terbagus yang aku punyaa tp ini tulisan namanya kurang keujung bawah :((( but it's okay. Semoga awet yaaw, luvvv",5,https://bit.ly/UltraGripCase2
10,Ultra Tech+ Case,"aku kira bakal lebih glossy lagi buat printingnya, tapi oke banget casenya! terus kokoh banget! thank you paddy",4,https://bit.ly/UltraTechCase
11,Premium Case Print Catalogue,"Aku klaim garansi case yang ini soalnya aku kurang suka kalo cameranya dicover, jadi aku request buat ga usah dicover kameranya/ga usah diprint, dan admin mengiyakan, begitu case sampe ternyata tetep dicover kameranya huhu jd buang2 duit ternyata hasilnya sama aja, mestinya admin lebih perhatian sama permintaan cust, kalo gabisa blg gabisa ",2,https://bit.ly/PremiumCasePrintCatalogue
12,Ultra Tech+ Case,"awalnya cm beli ultra tech case sebiji doang, eh gataunya ada promoan gratis 2 case lg, mo nangiss gratisannya aja kualitasnya bagus bgtt, trs ditambah bonus pop socket jg yaampun emg deh paddy kualitasnyaa gausa diraguin lg, cek aja di vidio aku oiya namanya barang PO, harus sabar2 yaaa",5,https://bit.ly/UltraTechCase
13,Ultra Tech+ Case,"Bagus banget casenya, tebel dan hasil printnya cakep. Proses sekitar 5 hari. Adminnya ramah. Pengiriman cepat. Terima kasih.",5,https://bit.ly/UltraTechCase
14,Premium Case Print Catalogue,Bagus banget pengiriman cepat,5,https://bit.ly/PremiumCasePrintCatalogue
15,Utra Grip Case 2.0,Bagus banget... Udah sekian kalinya pesen case disini gak pernah mengecewakan... Thank you seller!,5,https://bit.ly/UltraGripCase2
16,Utra Grip Case 2.0,"Bagus bangett pengirimannya juga cepet, kurang dari seminggu",4,https://bit.ly/UltraGripCase2
17,Premium Case Print Catalogue,"BAGUS BANGETTT.  Udah ngikutin paddy dari tahun 2018, akhirnya sekarang bisa beli dan dapet harga promo juga  POnya sekitar 4 hari. Tipe hp aku samsung a30 dan dapetnya hard case, walaupun hard case tapi ga bikin hp makin berat. Gambar tajem dan warnanya sesuai design. Minusnya paling di bagian tombol volume sama power agak keras  Semoga awett, thank you paddy ",5,https://bit.ly/PremiumCasePrintCatalogue
18,Premium Case Print Catalogue,"Bagus bgt mo nangis dan ini soft case,uda pembelian kedua. Yg prtma dpt hardcase,but smua suka,lbh suka soft case dan ft minilab ini sumpah bagus bgttt,dan lbh bagus dr yg prtma,yg kedua ini ada pelindung kamera nya (gak bolong bgt),sukses buat paddy dan minilab99",5,https://bit.ly/PremiumCasePrintCatalogue
19,Ultra Tech+ Case,bagus bgt. aku awal nya takut ga sesuai tapi aku cht admin dan jelasin custom dan desain detail yg ku mau. yang penting jelasin rinci nya di catatan aku emang beli tas sekolah disini dan kepo ada case custom nyaayeyayyy sesuai kemauan kuuu lucu sekali terimakasih. po nya juga ga terlalu lamaa,5,https://bit.ly/UltraTechCase
20,Ultra Tech+ Case,"Bagus casenya, printnya juga bagus. Bagian samping karena pilih warna pink pas gelap jadi kyk bercahaya pink gitu lucu",5,https://bit.ly/UltraTechCase
21,Utra Grip Case 2.0,"Bagus cmn gripnya gampang copot, ini sudah 1 bulan pemakaian mulai mengkuning",4,https://bit.ly/UltraGripCase2
22,Utra Grip Case 2.0,"Bagus dan Imut, sesuai dengan harga",5,https://bit.ly/UltraGripCase2
23,Utra Grip Case 2.0,bagus kok print nya cuman ternyata nggak melindungi sampai depan kayak di contoh nya :( ,3,https://bit.ly/UltraGripCase2
24,Premium Case Print Catalogue,Bagus sih cuma agak susah aku bukanya ,3,https://bit.ly/PremiumCasePrintCatalogue
25,Premium Case Print Catalogue,Bagus sih sebenernya dari segi pelayanan responsif bgt tapi jujur bgt yang softcasenya kayak stiker di tempel gitu :((( belum ada sehari yaAllah udah pada meletek :((( cukup high price sih untuk kualitas segitu.,3,https://bit.ly/PremiumCasePrintCatalogue
26,Utra Grip Case 2.0,"Bagus sih sesuai dgn yg dideskripsikan cuma agak kecawa ada namaku ditengah"", kurang jelas cara ordernya nih. pdhl kan gini di keterangan ordernya ""ip 7 ultra grip white- code - nama"" kirain nama yah cuma buat orderan doang eh di taro dicasenya trnyata mana ditengah"" trs ku taro 2 nama lg:(",2,https://bit.ly/UltraGripCase2
27,Ultra Tech+ Case,"Bagus, sesuai dengan deskripsi, PO agak lama, udh langganan dsini dan dapet hadiah popsocket lucuuuu",5,https://bit.ly/UltraTechCase
28,Utra Grip Case 2.0,"Bagus, tapi kurang suka sama warna nya, agak pucat, tapi ngelindungin hp sii, tipe nya juga hardcase. So pasti aman pinggiran nya cepet nguning",5,https://bit.ly/UltraGripCase2
29,Premium Case Print Catalogue,"Bagus2 desainnyaa, tpi ada yg aku salah tulis tipe hpnya",4,https://bit.ly/PremiumCasePrintCatalogue
30,Premium Case Print Catalogue,"Baguss bangettt… tpi buat tipe ip 12 mini telalu tebel buat aku yg suka case tipis, kalo ini jadiny kyk model ip 11 ke bawah (bagian sampingny tebel melengkung gtu) yang harusny klo hp aslinya flat kan. Tpi untuk print nan design gambarny oke deh",4,https://bit.ly/PremiumCasePrintCatalogue
31,Utra Grip Case 2.0,"Bagusss . Tapi hati"" ya klo tergores kuku bisa rusak ",4,https://bit.ly/UltraGripCase2
32,Ultra Tech+ Case,"bagusss sih, cuman agak kurang sesuai karena aku tulis di keterangannya supaya bagian kamera jangan kena print2an:(. tapi yaudahlaahh gpp, bahannya jg bagus kok jadi masih worth it.",4,https://bit.ly/UltraTechCase
33,Ultra Tech+ Case,Bahan case juara. Tapi printednya gampang terkelupas dengan harga yang lumayan. Printed nya kaya bukan printed. Tapi stiker pesen case ultra tech tapi ternyata kosong. Diganti dengan ultra grip (dengan pemberitahuan) Lebih bagus case keluaran lama. Karena ini orderan kedua Pengiriman lama di ekspedisi,2,https://bit.ly/UltraTechCase
34,Premium Case Print Catalogue,"bahannya baik, worth it banget",1,https://bit.ly/PremiumCasePrintCatalogue
35,Premium Case Print Catalogue,"bahannya gampang patah,keras bkn gell hp gampang baret casenya jg ",2,https://bit.ly/PremiumCasePrintCatalogue
36,Premium Case Print Catalogue,bahannya tebal. Admin responsif dan sangat membantu,5,https://bit.ly/PremiumCasePrintCatalogue
37,Premium Case Print Catalogue,"Barang tdk memuaskan, Ga sesuai sama harganya. Ada yg jauh lbh murah tp hasil memuaskan.",2,https://bit.ly/PremiumCasePrintCatalogue
38,Ultra Tech+ Case,Barang yg di order cacat. Di kasih penggantinya pun kualitasnya sangat sangat beda jauh sama yg di pesan di awal. Not rekomended.,2,https://bit.ly/UltraTechCase
39,Premium Case Print Catalogue,"Barang yg dikirim SALAH, dichat dibilang akan dikirim yg baru HARUS NUNGGU LAGI DONG SMINGGUAN LBH. Sampe skrg BLM dikirim barang nya. kalo salah ya segera dikirim yg baru dong bukan nunggu sminggu an lagi. Aku udh extend shopee garansi ampe g bisa extend lg jd ke trima auto sistem ...",1,https://bit.ly/PremiumCasePrintCatalogue
40,Premium Case Print Catalogue,"Barangnya udah sampe kak tadi sore. Case-nya bagus dan lucu, kurangannya paling tadi ada sedikit goresan warna hitam di warna yang putihnya, tapi gapapa sedikit inih. Intinya suka sama modelnya, sesuai pesanan. Terima kasih kak",3,https://bit.ly/PremiumCasePrintCatalogue
41,Premium Case Print Catalogue,"Baru dipakai sehari, kena kuku sedikit udh bolong2 kegores print-an casenya. Padahal pemakaian normal, gak kena benda tajam. Kecewa banget. Dulu2 beli paddy selalu bagus. Ini udah case yang ke 5 dari paddy mungkin. Tapi kali ini yang paling parah.",1,https://bit.ly/PremiumCasePrintCatalogue
42,Premium Case Print Catalogue,"Baru kali ini kecewa sama paddy :( mintanya hardcase, tapi yg dikirim malah softcase. Biasanya dikasih info sama adminnya, tapi kok sekarang malah nggak.",2,https://bit.ly/PremiumCasePrintCatalogue
43,Premium Case Print Catalogue,"Beda bgt yg di katalog sama aslinya, di katalog warnanya biru2 pastel gitu, aslinya biru tua gonjreng wkwk sedih amat harga segini",2,https://bit.ly/PremiumCasePrintCatalogue
44,Utra Grip Case 2.0,"Beli pas ada promo tapi sayang banget designnya ngga sama dengan yang dipesan :( tapi gapapa, masih diterima karena ada lebihan bonus satu haha udah bertahun2 pake case paddy dan printingnya masih awet, palingan casenya menguning atau agak kotor ajaa",4,https://bit.ly/UltraGripCase2
45,Premium Case Print Catalogue,"Belum di pakai sudah terkelupas,sungguh mengecewakan",1,https://bit.ly/PremiumCasePrintCatalogue
46,Premium Case Print Catalogue,"Case nya bagus bgt, desain dr catalogue nya lucu2 jd bingung mau pilih yg mana. Dpt popsocket juga. Agak susah sih pas buka case nya dr hp nya",4,https://bit.ly/PremiumCasePrintCatalogue
47,Premium Case Print Catalogue,"Case nya baguss, cuman sayang ada 1 case yg ga dikirim. Pesan 3 yg datang 2. Mungkin lain x lebih teliti lg ya minn",5,https://bit.ly/PremiumCasePrintCatalogue
48,Premium Case Print Catalogue,"Case nya sih tebel, tapi gambarnya gak jernihh. Padahal aku kira bakal sejernih atau mendekati kayak di gambar lahh. Tp trnyata gak sejernih itu :(( untuk harga 100K sih menurutku terlalu mahal ya kalo ternyata gambarnya gak jernihh Gini :( tp case nya tebel kok.",3,https://bit.ly/PremiumCasePrintCatalogue
49,Premium Case Print Catalogue,"Case retak, padahal pemakaian normal, untuk harga segini ga worth itt sii, makasih.",1,https://bit.ly/PremiumCasePrintCatalogue
50,Premium Case Print Catalogue,Case ringan jadi buat hp ga berat Bisa request gambar Admin ramah PO tp ga lama Pengiriman cwpet bgt,4,https://bit.ly/PremiumCasePrintCatalogue
51,Ultra Tech+ Case,"Casenya bagus banget bahanny untuk yang ultra tech+ny tapi untuk yang premium caseny tulisanny luntur padahal mau buat kado jadiny dipake sendirii dan kadony jdi yang ultra tech+ nya, apa karna ini free produk yah jadi kualitasny beginiii",3,https://bit.ly/UltraTechCase
52,Premium Case Print Catalogue,"Casenya bagus bgt, tapi sayang pas di cek ada yg retak dikit:'(",3,https://bit.ly/PremiumCasePrintCatalogue
53,Utra Grip Case 2.0,casenya berkualitas. tp warnanyaa jd agak gelap (printannya)^^,4,https://bit.ly/UltraGripCase2
54,Ultra Tech+ Case,"Casenya bgs dan kokoh. Kayanya sih kuat. Utk pemasangan mudah, kalau mau d lepas jg ga sulit krn pinggir2nya karet. Kebetulan ini design sensiri, hasil print bgs tapi utk tulisan yg tipis dan kecil kayanya akan mudah terkelupas. Jadi kalau mau print mendingan jgn yg kecil2 dan tipis.",4,https://bit.ly/UltraTechCase
55,Ultra Tech+ Case,Casenya emang gak bisa diragukan kembali karena udah kedua kalinya q beli di paddy bagus dan tidak mengecewakan kualitasnya ,5,https://bit.ly/UltraTechCase
56,Utra Grip Case 2.0,Casenya lucuu cocok sama note 20 ultra yg bronze warnanya. Seller juga responsif. Overall oke cuma ada di bagian kiri bawah print an dr belakangnya kebawa kedepan jd ada putih2 gitu di case dpn yg agak menganggu,4,https://bit.ly/UltraGripCase2
57,Utra Grip Case 2.0,"Casenya sesuai pesanan, tebel bgt. Lucuu suka. Tapi sayangnya packingnya org pada pake box, aku cuma diplastik klip doang.",2,https://bit.ly/UltraGripCase2
58,Utra Grip Case 2.0,Casing nya bagus and melindungi camera. Tapi sayangnya muka BTS nya Ada yg kepotong  and tulisan dynamite nya dibawah juga kepotong. Apa hp Ku kurang gede yaa hiks. But so far bahannya bagus and tebal,3,https://bit.ly/UltraGripCase2
59,Premium Case Print Catalogue,Casing nya kecil ga bisa masuk ke hp ....akhirnya tidak terpake ....chat ma penjual nya minta kebijakan di tukar ternyata ga bisa,1,https://bit.ly/PremiumCasePrintCatalogue
60,Premium Case Print Catalogue,"Casingnya gak nutupin kamera,, printan kotor",2,https://bit.ly/PremiumCasePrintCatalogue
61,Premium Case Print Catalogue,"casingnya lucu bangett kualitas bagus, sesuai ekspektasi, adminnya ramah",5,https://bit.ly/PremiumCasePrintCatalogue
62,Utra Grip Case 2.0,"cepet bangettt nyampenya padahal made by order, hasilnya juga bagus dan sesuai sama pesanan, dapet murah juga karena belinya pas lagi live",5,https://bit.ly/UltraGripCase2
63,Ultra Tech+ Case,"Cukup lama tapi ininworth it banged yaa, kualitas nya buagus, baru pertama kali beli case lokal premiun dan bagus banged sih ini lengkap dengan panduan2 nya dan dpt free pop soket gitu, lucu bagus makasii banyak yaa",5,https://bit.ly/UltraTechCase
64,Premium Case Print Catalogue,"dari baru nyampe udh ada banyak yang mengelupas gambarnya, warna hasil cetaknya jg kurang bagus, jg ada kyk lubang2 kecil yg bikin casenya keliatan jelek dan makin gampang kelupas. krg memuaskan sih hasilnya",2,https://bit.ly/PremiumCasePrintCatalogue
65,Utra Grip Case 2.0,"Dari segi packaging udah very cute, bahan casenya standar But buat hasil print casenya garis2 gitu kak, kayak tinta printer yang udah mau habis Tulisan moonnya juga udah mau keujung banget Yang disebelahnya itu aku beli dan lebih murah tapi super tajem gambarnya, makanya aku kasih bintang 3 deh",3,https://bit.ly/UltraGripCase2
66,Utra Grip Case 2.0,di bagian ujungnya banyak yg tidak rapih. but overall baguus,4,https://bit.ly/UltraGripCase2
67,Utra Grip Case 2.0,Dikarenakan pada gambarnya ada yg seperti tercoret dan printingnya kurang jelas,1,https://bit.ly/UltraGripCase2
68,Satin Rubber Case,Dikit sih hehe,4,https://bit.ly/SatinRubberCase
69,Premium Case Print Catalogue,"Diluar ekspektasi ku. Jujur awalnya aku terlampau excited banget sama case nya sampe bolak balek cek resi,tapi tiba sampe aku kecewa. Gambar sama hasilnya beda banget. Warnanya beda,pecah. Aku kira dengan harga segitu bakal gimana kali ternyata sama aja:)",2,https://bit.ly/PremiumCasePrintCatalogue
70,Premium Case Print Catalogue,"Dpt harga promo 39k jd ga trlalu expect lebih but hasil print desainnya jelas bgtt no blur no pecah space buat button sm jack nya juga pas bgt, sempet ovt bakal ga presisi bcs kmren2 sempet beli case di tempat lain buttonnya kurang pas. Thx jugaa bonusan pop socketnyaa. Pertahankan yaaa paddyy",5,https://bit.ly/PremiumCasePrintCatalogue
71,Premium Case Print Catalogue,"Ehmm agak tidak sesuai ekspektasi sih, kirain desainnya emang ""nyatu"" Sama hard casenya, apa emang gak bisa begitu ya, hehe, sama ini gambarnya udah ada yg ngelotok, make baru tiga hari ",3,https://bit.ly/PremiumCasePrintCatalogue
72,Premium Case Print Catalogue,"First time beli disini, hasil customnya ga sesuai yang diharapkan, ternyata desain bagian bawah itu gabisa diganti, dan warna fontnya ga sama sama warna tiketnya. Bahan casenya bagus ga keliatan murahan kok, cuma desainnya bermasalah . Hasil gambarnya 8/10. Adminnya ramah nanggepin hal ini. ",2,https://bit.ly/PremiumCasePrintCatalogue
73,Utra Grip Case 2.0,GAK SESUAI PESANAN! KOK MALAH FULLPRINT? BUKAN YANG PISAH PISAH! NYESEL BELI PRODUK DISINI SAYA BILANG KE KARYAWANNYA NGERTI GA DIA BILANG NGERTI MALAH KAYA GINI KALAU ADA RATE 100 SAYA KASIH RATE 0 NOT RECOMENDED! MANA GA DI KONFIRMASI LAGI JADINYA KAYA GINI SUMPAH JELEK BANGET!,1,https://bit.ly/UltraGripCase2
74,Premium Case Print Catalogue,"Gambar nya aga sedikit jadi gepeng sebenernya, dan casenya keras susah dilepas pasang. Kemudian tombol power nya susah di klik. Tp overall masi bagus",3,https://bit.ly/PremiumCasePrintCatalogue
75,Premium Case Print Catalogue,Gambar sesuai dengan deksripsi produk. Cmn ini gampang banget ilang stikernya sdh mulai pudar baru di pakai blm 1 minggu. Padahal sdh di jaga. Spy gambar tdk mudah hilang ttp aja gampang banget hilang. kurang sesuai dengan kualitas produk,2,https://bit.ly/PremiumCasePrintCatalogue
76,Utra Grip Case 2.0,Gemessh bangeeett pokoknya suka Hasil printingnya jg tajam Hardcase ga lentur ini Sesuai ekspektasiku pokoknya luv Wlpn keterangan PO 7hr tp br 3hr dah dikirim brgnya  Adminnya sngt fast respon dan ngasih tau saran utk pembelinya,5,https://bit.ly/UltraGripCase2
77,Ultra Tech+ Case,"hasil print nya bagus, tapi beberapa kali sebelum order disini selalu tanya warna yg diinginkan avail atau ngga, dan bilang nya avail, tapi setelah di checkout bilang nya warna yg diinginkan habis",4,https://bit.ly/UltraTechCase
78,Utra Grip Case 2.0,hasil printnya ga sesuai ekspektasi pdhl untuk harga yg segini :((( print gambarnya ga hd dan bagian print cewenya itu ada bintik bintik putih,3,https://bit.ly/UltraGripCase2
79,Premium Case Print Catalogue,"Hasilnya nggak setajam kayak yg orang2 beli dulu, warnanya nggak tajem kayak lebih pudar dari aslinya. Jadi nggak sesuai ekspektasi:( Tp emg kualitas casing nya baguss",3,https://bit.ly/PremiumCasePrintCatalogue
80,Premium Case Print Catalogue,Hasilnya sangat mengecewakan. Barang yg dtg tdk sesuai design yg dipesan. Ada defect juga di produknya. Mau konfirmasi ke adminnya tdk dibalas2 pdhl sdh seminggu lbh. Mungkin kl mau pesan HARUS kasih keterangan yang JELAS sejelas-jelasnya spy nggak salah design dan mengecewakan.,1,https://bit.ly/PremiumCasePrintCatalogue
81,Ultra Tech+ Case,hmm dulu pesan sepertinya lebih bagus gambarnya ini agak blur mungkin resolusi filenya kurang tinggi ya,3,https://bit.ly/UltraTechCase
82,Premium Case Print Catalogue,"Hmmm kaget hasilnya ga sesuai ekspektasi. Design padahal elegan, Sorry to say warna printingnya malah kyk casing murah 15rban. Tapi admin ramah n fast resp. Semoga bisa ditingkatkan sesuai harga",4,https://bit.ly/PremiumCasePrintCatalogue
83,Utra Grip Case 2.0,ik case di sini itu bagus2 walaupun kali ini agak lecet dikit tp sellernya keren kasih info dlu dr awal dan ngasih mini gift sbg gantinya :D,4,https://bit.ly/UltraGripCase2
84,Utra Grip Case 2.0,"Ini baguss poll, baik dari kualitas casenya maupun kualitas cetakan gambarnya. Ini pembelian keduakuu dan tetap memuaskan. Dapet free pop socket juga",5,https://bit.ly/UltraGripCase2
85,Utra Grip Case 2.0,"Ini case nya sebelah kanan yg mau aku komplain, dia bahannya ga tebel sama sekali dan bumpernya lepas di video detik terakhir. Pdhl sebelumnya aku ud 2x order paddy cases untuk s7 aku, tapi keduanya itu fine dan bahkan bahannya lebih tebel dr case ultragrip paddy yg baru aku terima hari ini.",1,https://bit.ly/UltraGripCase2
86,Premium Case Print Catalogue,Ini gambar nya terkelupas. Bagaimana ya. Baru saya trima. Saya wa ke Admin dr pagi blm ada balasan sama sekali.,1,https://bit.ly/PremiumCasePrintCatalogue
87,Premium Case Print Catalogue,"Ini lobang kameranya gak pas sama casenya, kalau pakai foto dan kena flash langsung blur, kacau",2,https://bit.ly/PremiumCasePrintCatalogue
88,Premium Case Print Catalogue,"Ini pembelian ku model sama tipe hp beda alhasil oke punya,po cm berapa hari ga pke lama trs adm juga cepat tanggap dpt hadiah pop soket dan tip pemakaian biar casing ga cepat kuning",1,https://bit.ly/PremiumCasePrintCatalogue
89,Premium Case Print Catalogue,"Jenis yang tertera di shopee dan instagram hardcase tapi yang dateng softcase, harga gak berubah pula. Gak lagi order disini. Makasih ya.",2,https://bit.ly/PremiumCasePrintCatalogue
90,Utra Grip Case 2.0,"Jujur aku expect lebih hehehe tp ternyata gak sesuai sama ekspektasi akuuu :( cuman yaa lumayan sihh hehe adminya jg baik, ada warranty 90 harinya hehehe Kayak aku kira case nya lumayan kokoh gt tp ini letoy:"") trs gambarnya jg ada baret tipis2.. tp yaa lumayan siih hehe aku dpt pas lg diskon",4,https://bit.ly/UltraGripCase2
91,Premium Case Print Catalogue,"Kali ini kecewa sih, padahal udah langganan :')",2,https://bit.ly/PremiumCasePrintCatalogue
92,Ultra Tech+ Case,"kalo mau pesen harus kasih note yang rinci serinci rincinya ya guys, walaupun udah chat sama mba”nya juga tetep miskom. untungnya masih mau diganti",3,https://bit.ly/UltraTechCase
93,Ultra Tech+ Case,"Karena yang ultratech habis, jadi diganti ke premium case. Bahannya ok, kayak softcase pada umumnya. Semoga casingnya awet dan gak mudah rusak. Respon pejual baik, terimakasih seller ",4,https://bit.ly/UltraTechCase
94,Utra Grip Case 2.0,"Katanya penjual hardcase & pinggiran softcase ternyata softcase , jujur untuk harganya terlalu mahal klo hanya di printing meskipun belinya discount",4,https://bit.ly/UltraGripCase2
95,Premium Case Print Catalogue,"Katanya realme nya ga ada, yauda diganti samsung s10+ dua duanya. Eh pas dtg gataunya ada realme nya. Trs gambar realme nya ga sesuai request. Masa suamiku pake casing chatime. Kebuang deh",2,https://bit.ly/PremiumCasePrintCatalogue
96,Premium Case Print Catalogue,"Kecewa bgt.. Aku kira softcase ternyata hardcase.. Jd bikin hp nya lecet.. Dan gambar jg agak miring ke kanan, tidak rapih.. Pas mau di pkai atw di lepas susah bgt... ",1,https://bit.ly/PremiumCasePrintCatalogue
97,Premium Case Print Catalogue,"kecewa setitik karena jenis case yg aku pgn ternyata kosong trs ga dikabarin lagi tp adminnya super ramah dan akhirnya bisa claim garansi, mungkin lain kali kalo kosong bisa dikabarin lagii ke pembeli nya☺️ jenis case yg aku pgn fuze case yg dikirim soft case karena fuze kosong tp yasudah tak apee untung design nya lutju",4,https://bit.ly/PremiumCasePrintCatalogue
98,Premium Case Print Catalogue,Kedua kalinya beli paddy case setelah terakhir beli di tahun 2019. Bener2 awet case nya. Bayangin aja beli dari 2019 dan baru beli lagi di thn 2023 untuk hp yg sama,5,https://bit.ly/PremiumCasePrintCatalogue
99,Utra Grip Case 2.0,"Keseeel banget.. uda nunggu lama trnyata designnya salah.. jengkelin bgt. Udah dibilang tulisannya GRE doang tp malah lengkap kek gtu.. ga paham lg.. nunggu lama katanya ultragrip yg item kosong tgl yg pink, okelah gpp trnyta ada! gitu gamau kasi preview dulu.. sangat jengkel pdhl ini buat kado!!",1,https://bit.ly/UltraGripCase2
100,Premium Case Print Catalogue,"kirain harga 85 an kualitasnya bagus bgt, ternyata cmn hardcase yg ditempelin stiker biasa. pemakaian baru sehari langsung ngelupas stikernya. kapok deh beli disini :)",1,https://bit.ly/PremiumCasePrintCatalogue
101,Premium Case Print Catalogue,"Kok hardcase ya, kok gak softcase yang fullcase nutup semuanya soalnya di foto nya, di shopee maupun di katalog ig itu softcase nutup smua sisi. Dan saya beli case ini jg dpet rekomendasi dri temen saya yg sudah prnah beli disini, dan datangnya barangnya bagus softcase fullcase nutup semua.",1,https://bit.ly/PremiumCasePrintCatalogue
102,Ultra Tech+ Case,krn ultra technya lg out of stock untuk tipe hpku jadi hrs ganti ke ultra grip. utk menghindari kejadian spt ini terulang mungkin bisa dibedakan portal pembelian utk tipe hpnya biar klo out of stock jelas terlihat. kemudian req desain lain biar sesuai sama ultra grip tp pas dateng salah jg.,3,https://bit.ly/UltraTechCase
103,Utra Grip Case 2.0,Kualitas casenya bagus cuma sayang ada bagian kecil dr hasil printnya yg tergores dan terkelupas,4,https://bit.ly/UltraGripCase2
104,Ultra Tech+ Case,"Kualitas casenya emang oke, tapi pengiriman super lama",3,https://bit.ly/UltraTechCase
105,Utra Grip Case 2.0,"Kualitas casenya ok tapi print desainnya not as i expected. Entah desainnya memang dibuat gini atau gimana, di setiap gambar ada white castnya, dan dengan harga segitu, aku kira gambarnya bakal lebih HD. But overall it is a good phone case",4,https://bit.ly/UltraGripCase2
106,Ultra Tech+ Case,"Kualitas casing std, kualitas print2an buruk terlihat bergaris print gambar, harga sangat mahal utk kualitas seperti ini",2,https://bit.ly/UltraTechCase
107,Utra Grip Case 2.0,"Kualitas material case oke, pembutan memakan waktu 7 hari, kualitas dan konsistensi warna cetakan tidak sesuai harga ada titik2 putih gt kaya gak rata. Cutting di bagian pinggir tidak rapih, ada gelombang bolong2 gt. Border/tepian dr setiap gambar jg tdk terlihat spt hasil cetakan yg mahal.",3,https://bit.ly/UltraGripCase2
108,Utra Grip Case 2.0,"Kualitas printingny tidak memuaskan,bsa gransi krimin yg bru tp byar ongkir sndri n dpt brng yg sm dg jminan bner² dcek kualitasny,jatohny byar 2 kali n ktika brng itu msh ckup layak pakai knp hrs pnya 2? meski prntingny bad Knp nnggu kmplain dulu? gk stiap sblm pngrman cek dg baik? that's so bad",1,https://bit.ly/UltraGripCase2
109,Ultra Tech+ Case,"Kualitas produk baik, kecepatan pengiriman cukup, sempat ganti dari yang awalnya ultra tech ternyata stock kosong,respon cukup lama di ganti ultra grip 2.0, pembelian kedua ultra grip kualitas masih sama, hanya saja di bagian coustem name kurang hurufnya, terima kasih mindy.",3,https://bit.ly/UltraTechCase
110,Utra Grip Case 2.0,Kualitas sih ok gambarnya terang jelas tapi koq keliatan kyk fotonya di cetak di stiker trus ditempelin di case nya ya bukan langsung cetak foto di case nya? Pdhl dulu prnh order ok lho langsung cetak di case makanya order lagi,4,https://bit.ly/UltraGripCase2
111,Ultra Tech+ Case,"Kualitas ultra tech+ case udh bagus bgt utk harganya yg relatif murahhh :D dapet gratis 1 premium case jugaa Tbh, lebih suka ultra tech+ casenya sih dibandingkan premium casenya. Yg premium warnanya trllu ngejreng, gk sama amat warnanya ama yg di catalogue, tapi hasil printnya kelihatan bagus :))",4,https://bit.ly/UltraTechCase
112,Utra Grip Case 2.0,"Kualitasnya ga sebagus yg dipamerkan di ig setiap hari. Casenya sedikit kuning, bumpernya datang dalam kondisi lepas, printing ga rapih ada yang bergerigi. Proses lama bgt pesen tgl 31dec baru dikirim tgl 11jan, mungkin overload gpp tp tolong kualitas dijaga. Bumper case kok tipis, gimana? Thanks.",1,https://bit.ly/UltraGripCase2
113,Premium Case Print Catalogue,Kualitasnya sih bagus banget loh.. bisa liat perbedaanya sama casing yg saya pesen di toko lain yg harganya 120k.. gak sangka dengan harga under 50k bisa dapet casing print setajam itu.. pasti bakal order lagi..,5,https://bit.ly/PremiumCasePrintCatalogue
114,Premium Case Print Catalogue,kualitasnya turun dibanding tahun lalu saya beli,2,https://bit.ly/PremiumCasePrintCatalogue
115,Premium Case Print Catalogue,"Kukira tebel gitu, tpi ternyata engga. Untuk printing nya bagus bgt, ga ngelupas",2,https://bit.ly/PremiumCasePrintCatalogue
116,Utra Grip Case 2.0,"kurang aja di bagian lensa camera ga dicover casenya, ok",5,https://bit.ly/UltraGripCase2
117,Utra Grip Case 2.0,"Kurang worth it karena harganya mahal, masih 2 minggu pemakaian tapi warna casing yg di samping2 nya dah luntur bisa dilihat di vidio",1,https://bit.ly/UltraGripCase2
118,Ultra Tech+ Case,lama tapi bagus. mohon di percepat waktu ngirimnya,3,https://bit.ly/UltraTechCase
119,Premium Case Print Catalogue,"Lebih timbul kamera hp dibanding casenya, sehingga kamera mudah lecet dan baret2",1,https://bit.ly/PremiumCasePrintCatalogue
120,Utra Grip Case 2.0,"lucu pol pek demi apa lucu pooool desain yg aku pilih. halobale emg keren desainnya, paddy jg oke print & pelayanannya manteuppp. semoga print casenya awet yaaa makasih seller",5,https://bit.ly/UltraGripCase2
121,Premium Case Print Catalogue,"Lucu sih & kualitas printing ok.. Tapi tempat tombol volume & power kurang pas, jd kesulitan buat pencet kedua tombol tsb :( Dan ternyata covernya ga full body :( Jadi kurang safe buat ngelindungi hp... Agak kecewa sih untuk harga yg termasuk ga murah ini",2,https://bit.ly/PremiumCasePrintCatalogue
122,Premium Case Print Catalogue,"maaf aku ganti bintang,semoga paddy bisa evaluasi lagi buat kualitas print case nya karena baru 2 minggu udah ngelopek banyak bgt. sedii padahal pengen bgt awet sama case ini karena lucu dan butuh effort buat belinya huhu",2,https://bit.ly/PremiumCasePrintCatalogue
123,Premium Case Print Catalogue,"maaf sebelumnya tp barangnya sampai udh beleber lobang nya, claim nya grgr pengiriman mungkin kepanasan dijalan but i dont know lah. intinya rusak, sorry :)",2,https://bit.ly/PremiumCasePrintCatalogue
124,Utra Grip Case 2.0,"makasih casing udh sampe, sesuai request, hasil printing bagus bgt, aku suka, pengiriman jga cepat, klo untuk po nya emang lama standar jga sih. Ada garansi juga keren.",5,https://bit.ly/UltraGripCase2
125,Ultra Tech+ Case,"Mantab banget!! Meski pake camera screen protector, case nya tetep lebih tinggi dan bisa ngeprotect kameranya. Paddy kereeen",5,https://bit.ly/UltraTechCase
126,Premium Case Print Catalogue,"mau ganti type hp gabisa kan aneh,ngerugiin",1,https://bit.ly/PremiumCasePrintCatalogue
127,Utra Grip Case 2.0,"Mendarat dengan selamat, barangnya bagus dan lucu bangett thanks kaa",5,https://bit.ly/UltraGripCase2
128,Utra Grip Case 2.0,"menurut saya kurang sesuai ekspektasi ya, hasil tempelanya terlihat sekali dan kasar. mungkin kalau dengan warna bening lebih bagus. Cuma saya kurang suka",3,https://bit.ly/UltraGripCase2
129,Ultra Tech+ Case,"minta preview dulu sblm dikirim + pastikan bagian foto ga naik ke kamera. JANJI kasih preview tapi gak dikasih. barang datang tidak sesuai, kita yg disuruh nanggung ongkir ! pelayanan sblm order FAST respond. SETELAH ORDER chat gak dibalas lihat bukti chat saya nanyakan kapan preview berhari2 tidak dibalas sama sekali. SAYA TIDAK SPAM chat 1hr 1x aja tp ttep gak dibalas. pelayanan sblm dan sesudah order sangat beda. kualitas sgt buruk untuk harga segini. sangat menyesal. mending kl cari kualitas jgn disini, bakal nyesel. kualitas jauh turun dibanding dulu. tidak akan repurchase.",1,https://bit.ly/UltraTechCase
130,Utra Grip Case 2.0,"Nunggu PO 10 haei tapi hasilnya kurang memuaskan, QC nya kurang oke. Warnanya kurang keluar, hasil print nya agak bergaris gt. Yasudahlah..",3,https://bit.ly/UltraGripCase2
131,Premium Case Print Catalogue,Nunggunya lama ditanya adminnya gak bs ngasi kepastian. Produk standar. Print an nya agak beda sama katalok lebih kontras di katalok . Maaf B aja seriusly. Custom case bukan kali ini aja,2,https://bit.ly/PremiumCasePrintCatalogue
132,Utra Grip Case 2.0,"Olshop custome case Pengiriman terlama, minta d cancel, tapi ga dikasih. Kualitas brg juga ga bagus2 amat, mudah tergores hasil printnya pas di cuci / di lap tisu basah masa lgsg luntur dong:( kecewaaa",1,https://bit.ly/UltraGripCase2
133,Utra Grip Case 2.0,"Overall sih barangnya ok. Cuman saya agak kecewa dengan hasil case untuk yang VIVO S1 pro. Karena menurut saya case-nya tidak sekuat dan sebaik case untuk iPhone 7. Untuk hasil printing-nya menurut saya cukup standar, sehingga kurang sesuai dengan harga yang ditawarkan. Terima kasih ",4,https://bit.ly/UltraGripCase2
134,Ultra Tech+ Case,"Ownernya baik dikirim pesanan nya sesuai,karna sempat ada ralat pesanan tp datengnya sesuai.dann plusnya dapet gratis printed soft case",4,https://bit.ly/UltraTechCase
135,Premium Case Print Catalogue,"Padahal mau bgt kasih review bintang 5 buat paddy di shopee. Ini case adek ku hasil aku komporin dia untuk beli case paddy karna case pertama dan keduaku bagus semua. Ini kali ke 2 ku kasih bintang 1 untuka paddy, karna case ketiga ku yg ultragrip aku ga puas juga huhu. Ini bahan case nya dari mika.",1,https://bit.ly/PremiumCasePrintCatalogue
136,Premium Case Print Catalogue,"Padahal sebelumnya udh beli di paddycase taun kemarin printingnya bagus , tp kok beli baru lagi kualitas casenya jadi turun bgt.. beda jauh. Yg kiri beli baru ,yg kanan yg taun kemarin",2,https://bit.ly/PremiumCasePrintCatalogue
137,Premium Case Print Catalogue,Padahal udah request minta casing yg lens protect. Tapi gak dikasih. Jadi bagian kamera tanpa pelindungnya,3,https://bit.ly/PremiumCasePrintCatalogue
138,Premium Case Print Catalogue,"Pengemasan cukup rapih dan aman, tetapi yang disayangkan tidak sesuai dengan ekspektasi sy, saya kira casenya polos di ujung ujungnya eh ternyata kaya anti crack, terus gambar di pojok case juga ada yg warnanya pudar jadi gambar kurang jelas. Bagi saya 100k itu bukan uang kecil. Jujur sy kurang puas",2,https://bit.ly/PremiumCasePrintCatalogue
139,Premium Case Print Catalogue,"Pengiriman cepat, barang datang tidak sesuai ekspektasi untuk pocophone F1 Tidak Full cover ",2,https://bit.ly/PremiumCasePrintCatalogue
140,Premium Case Print Catalogue,Pengiriman lama banget gan.1 Minggu nyampe Nya,2,https://bit.ly/PremiumCasePrintCatalogue
141,Utra Grip Case 2.0,"Pengiriman lama banget.. harus sampe hubungi cs shopee, agen ekspedisi, smpe call centernya jugaa tolong disarankan pakai reguler saja jangan pake yang hemat karena first time jg ngalamin gini engga pernah sampai semolor ini melebihi estimasi. agak kecewa warna fontnya hitem dikira pink:(",3,https://bit.ly/UltraGripCase2
142,Premium Case Print Catalogue,"Penjual sangat slowrespon dan sangat acuh, produk juga ringkih dan tidak menutup hp atas dan bawah (tidak full), saat bertanya di admin line ternyata ada yang fuze (belakang hard samping soft) tapi tidak dicantumkan di deskripsi produk :(",2,https://bit.ly/PremiumCasePrintCatalogue
143,Premium Case Print Catalogue,Pesan hardcase dikirim softcase,1,https://bit.ly/PremiumCasePrintCatalogue
144,Utra Grip Case 2.0,"Pesanan saya tidak sesuai dengan contoh warna di katalog, warnanya beda jauh gak ada mirip-miripnya sama sekali Saya kecewa dengan hasilnya ",1,https://bit.ly/UltraGripCase2
145,Utra Grip Case 2.0,"Print-an case nya high quality, worth it untuk harganya. pilihan di katalognya juga bagus bagus dan banyak pilihannya. dapat free grip tok lagi guys. 100% recommended",5,https://bit.ly/UltraGripCase2
146,Utra Grip Case 2.0,"Print'an nya gk sesuai ekspektasi harga, malah ada yg kekelupas, gk rekomanded... dan ternyata gk bisa komplain buat tuker brg kok, jadi sebenernya ya tidak ada garansi.... maaf bintangnya jadi 2",2,https://bit.ly/UltraGripCase2
147,Premium Case Print Catalogue,"Printing tidak HD, enggak tajem. Bolong2. Nunggu lama hasil mengecewakan. Trus casenya ada yang baret",1,https://bit.ly/PremiumCasePrintCatalogue
148,Premium Case Print Catalogue,"Produk case bagus, untuk earpod sayang dikirimnya salah warna walaupun sudah PO lama dan sering dichat seller. sengaja milih yg putih biar ga gampang hilang. Tapi ya udahlah",4,https://bit.ly/PremiumCasePrintCatalogue
149,Ultra Tech+ Case,"Produknya bagus, tp adminnya mencla mencle. Maunya pesen bening pas udah cekout ternyata habis, disaranin ganti dark grey lewat chat, udah diiyain malah dikirim ungu. Dua kali order disini tp barangnya selalu habis dan akhirnya ganti lewat chat, tp nyampenya selalu lain lagi. Udah kapok deh order disini.",2,https://bit.ly/UltraTechCase
150,Premium Case Print Catalogue,"produknya ga sesuai ekspektasi jujur kecewa bgt,gabisa diganti tapi yaudala mo gmn lg",2,https://bit.ly/PremiumCasePrintCatalogue
151,Utra Grip Case 2.0,"Produknya overall bagus kok bahannya jg tebal & sesuai ekspetasi print hasilnya jg gk ada mslh. Syg bgt bungkusannya kyk pke amplop bekas gtu ntah bekas returan atau emg model pembukus skrg udh ga gt bagus. Kemarin pesen stiker disini juga dksi amplop bekas, klo bwt kasi gift msti sy gnti bungkusnya",3,https://bit.ly/UltraGripCase2
152,Utra Grip Case 2.0,"proses pengerjaan terbilang standar, overall casing nya bagus, hanya saja merasa kurang puas dengan hasil printing nya karena terdapat semacam border putih dan warna tidak persis seperti referensi respon admin bagus dan cepat, terima kasih",3,https://bit.ly/UltraGripCase2
153,Ultra Tech+ Case,rasanya beda dengan premium case yg biasa. tapi print-nya agak blur.,4,https://bit.ly/UltraTechCase
154,Utra Grip Case 2.0,"Repeat order, karna hasil pertama suka dan cocok..udah gitu admin ramah, proses pesanan cepat, pengiriman juga cepatt tapii maaf bgt kurang suka sama hasil printan yg ini karena ada warna yg keliatan kuning kaya pudar gitu beds sama hasil gambar lainnya. semoga next time lebih baik",4,https://bit.ly/UltraGripCase2
155,Premium Case Print Catalogue,Request warnanya soft kayak dicontoh tapi pas dateng warnanya ngejreng banget sist huft,3,https://bit.ly/PremiumCasePrintCatalogue
156,Utra Grip Case 2.0,"Respon lumayan cepet, pengiriman cepet. Hanya print nya biasa aja ternyata, dan terkesan asal cetak (mungkin krn beda tipe hp). Jd bintang 3. Overall good. Quality control tolong di perhatikan, walaupun cetak pakai mesin sekalipun. Apalagi menyediakan tipe hp yang bervariatif.",3,https://bit.ly/UltraGripCase2
157,Premium Case Print Catalogue,salah tipe hp dan menawarkan untuk dibuatkan case bru tapi diluar shopee dan tidak membolehkan saya untuk mengajukan pengembalian. stlh dikirim lg masih salah dan tetap memaksa dibuatkan case baru tpi kemudian sudah 3 hari hilang. tidak merespon wa sama sekali. hati2 kepada seller ini. ,1,https://bit.ly/PremiumCasePrintCatalogue
158,Premium Case Print Catalogue,"Sangat2 kecewa!!! Case tidak sesuai deskripsi, tdk sesuai permintaan, gambar tdk tajam, case berwarna kuning, pelayanan kurang memuaskan. Toko tdk amanah. Selamat anda kehilangan 1 customer!!! ",1,https://bit.ly/PremiumCasePrintCatalogue
159,Premium Case Print Catalogue,"Saya kira tidak ada penutup di bagian kamera, dan agak kecewa dg proses pengemasan yg sampe 10 hari :'(",4,https://bit.ly/PremiumCasePrintCatalogue
160,Utra Grip Case 2.0,"Sayang banget ya aku pikir bakal transparant kek yang di katalog, ternyata di kasih warna background, kuning pula tu :) kecewa si padahal udh dari 2017 beli di paddy case, dari designnya cuma beberapa biji",4,https://bit.ly/UltraGripCase2
161,Premium Case Print Catalogue,"sbenernya orderan awal bukan yg model ini krna ada problem di pabrik mereka, tp sma admin nya di ganti sma yg ini dan beda harga trs lebih bagus ternyata case paling bagus yg pernah aku punyaa, thanksss paddycase",5,https://bit.ly/PremiumCasePrintCatalogue
162,Premium Case Print Catalogue,"Sebagai pembeli, saya sudah mengikut cara pemesan via chat admin dan pengiriman gambar yang saya mau. Akan tetapi, barang yang dikirim tidak sesuai.Pengembalian dan pengiriman balik dll itu sangat merepotkan, dimana saat pandemic covid19 ,kita mengurangi keluar yg tidak perlu. Terkesan asal jualan.",1,https://bit.ly/PremiumCasePrintCatalogue
163,Premium Case Print Catalogue,"Sebelum pesan sy sudah chat adminnya, sempet nanya juga, bisa gk menuhi requestnya. Tp adminnya minta segera order & gk bilang kalau gk bisa menuhi request. Ya sdh, sy lgsg checkout & di cttn sy tulis lagi requestnya dgn sangat jelas. Tp, yg dtng gk sesuai dgn yg sy minta.",1,https://bit.ly/PremiumCasePrintCatalogue
164,Utra Grip Case 2.0,"Sebenerny ini udah order yang ke-2 yng pertama saah design di hp ip7+ tapi udah diganti yang baru, order yang ini juga salah baca note adminny, dan casenya kotor yang dikirim",3,https://bit.ly/UltraGripCase2
165,Premium Case Print Catalogue,"Sebenernya dari kualitas bagus banget. Tapi aku sedih banget, karena aku pesennya bukan gambar yg ini. Aku request di kasih gambar lilo n stich malah yg dtg elmo huhu Udah berekspetasi bgs bgt, krn aku udh ngikutin paddy case ini dari lama, eh malah sekali beli, malah salah. Adminnya gamau cross check ulang pesenan huhu.",3,https://bit.ly/PremiumCasePrintCatalogue
166,Premium Case Print Catalogue,"Sebenernya kecewa sih jujur. Di chat sm admin klo hasil print casenya gak bisa maksimal pdhl udah 2x print. Sy bingung ya kan jadinya trus sy minta ganti design lain aja klo emg design yg sy pilih warnanya gak bisa nempel tapi dibilangnya gak bisa ganti design. Disarankan claim garansi aja, dan jujur ribet ya jadinya entahlah printernya yg kurang apa gimana ya gak ngerti jg sy kok hasil print gak bisa maksimal dan solusi yg ditawarkan seperti itu huhu jadinya case yg dikirim gak ada yg saya pakai",2,https://bit.ly/PremiumCasePrintCatalogue
167,Ultra Tech+ Case,sebenernya ok ok aja sih casenya cm aku udh sempet konsul sm miminnya utk iphone 14 pro max nya apa bisa kameranya ngga yg sendiri sendiri 3 gt jd aku maunya bolong dan katanya di okein disuruh pilih varian lain akhirnya pas sampe aku udh excited bgt bgt ternyata dtgnya tetep kamera jadi satu bukan kamera yg bolongan gt. agak kecewa sih krn harus copot temper kamera biar bisa pake ni casing tp yaudah gmn lg,4,https://bit.ly/UltraTechCase
168,Premium Case Print Catalogue,"Sedih bgt hasil printnya bergaris kayak gini terus ada border line putih disetiap patternnya, pdhl di contoh ga adaaa. Pas nanya ke admin, katanya dari printernya kyk gt dan disuruh pake aja sampe ngelupas terus klaim garansi wk kirain bakal diganti baru apa gmn ",2,https://bit.ly/PremiumCasePrintCatalogue
169,Utra Grip Case 2.0,"Sedih sih udh nunggu 2 minggu lebih pas sampe barangnya ga sesuai ekspetasi, dari awal gambarnya udh luntur, pinggirannya jg ga rapih, bahkan ada defect jg di casenya. seperti casing murahan yg 20rb padahal belinya lumayan ya harganya. But overall its cute dan semoga ga gampang kuning casenya",3,https://bit.ly/UltraGripCase2
170,Ultra Tech+ Case,"Sedikit kecewa sih, pesannya lilac yang datang white. Sudah kucoba ikutin petunjuk sering-sering cuci tapi ternyata menguning juga. Tapi selebihnya oke. Print-nya bagus casenya bagus, untuk adminnya lebih teliti lagi ya.",4,https://bit.ly/UltraTechCase
171,Premium Case Print Catalogue,seharunya gambr cowo di case xr trus gmbr cewe di case 11 mlh di terbalik buatny..,3,https://bit.ly/PremiumCasePrintCatalogue
172,Ultra Tech+ Case,Selalu langganan di Paddy cases sih walaupun harganya banyak yang lebih mahal dari toko lain tapi kualitas ngga bohong,5,https://bit.ly/UltraTechCase
173,Ultra Tech+ Case,"Sempat kecewa, penuh drama proses order. Tapi karena produknya bagus, rasa kecewa saya terobati. Saran saya, kalau stock produk nya kosong tolong diupdate kosong. Jangan customer jadi rugi. Apalagi selisih harga sangat jauh. Customer sangat dirugikan. Tapi secara produk dan kualitas memuaskan.",4,https://bit.ly/UltraTechCase
174,Ultra Tech+ Case,"Sempet kecewa karna yg dipesan untuk iphone 12, tp yg datang malah untuk iphone 11:( tp syukurlah adminnya mau bertanggung jawab dan mengirimkan pesanan yg sesuai walaupun harus nunggu lagi huhuuu apresiasi tanggung jawabnya, terima kasih. Tapi untuk evaluasi kedepannya mohon lebih teliti lagi yaa.",3,https://bit.ly/UltraTechCase
175,Premium Case Print Catalogue,Semua barang bagus khusus nya barang yang sidah dikirim mantap tapi untuk ukyrannya mnra diganti tapi tdk diganti yah malahan dikirim melalyi size yang pertama terima kasih barangnya lymayan tapi dengan haega yg seperti itu murah baik,3,https://bit.ly/PremiumCasePrintCatalogue
176,Ultra Tech+ Case,Seneng banget casingnya dateng sesuai dengan pesenannn!! Thanks a lot paddy,5,https://bit.ly/UltraTechCase
177,Utra Grip Case 2.0,"Sesuai request, hrga lg pas diskon, bahan tebel, semoga awet",4,https://bit.ly/UltraGripCase2
178,Premium Case Print Catalogue,"Sesuai sama pesanan, hsil prinannya bagus mudah2an awet, terima kasih",4,https://bit.ly/PremiumCasePrintCatalogue
179,Premium Case Print Catalogue,"Setelah dicoba dipake ukuran flash dan kamera tidak pas ,flash nya nggak sepenuhnya kelihatan ,trs sisi kanannya printing nya menceng"" ,gimana ini ((",1,https://bit.ly/PremiumCasePrintCatalogue
180,Premium Case Print Catalogue,"Sgt jauh dr ekspetasi, hasilnya spt tempelan gambar saja, dan warna aslinya beda dg gambar :( untuk harga 90k sy belinya kecewa sih yg bagus hanya kualitas hardcasenya, tp designny sy krg puas maaf :""(",2,https://bit.ly/PremiumCasePrintCatalogue
181,Premium Case Print Catalogue,"takut banget kalo nggak sesuai ekspektasi, krn jujur aja ini case paling mahal yang aku beli. biasanya beli yang ecek² hahaha. tapi ternyata baguss, packaging nya lucuuu. meskipun harusnya yg bawah tuh navy gelap, tapi gak kelihatan, jadinya kelihatan hitam doang. tapi gapapa, bagus kok. semoga awet yaaa, terima kasih juga seller atas pelayanannya.",4,https://bit.ly/PremiumCasePrintCatalogue
182,Premium Case Print Catalogue,"Terimakasih paket sudah diterima. As always kualitas produknya bagus, tapi kali ini dibuat agak kecewa krn di awal untuk stock note FE ada. Tapi baru diberi tahu sebelum h- pengiriman, stocknya malah kosong padahal udah nunggu lama.Semoga diperbaiki ya, dan terimakasih juga unfuk bonus maskernya",3,https://bit.ly/PremiumCasePrintCatalogue
183,Premium Case Print Catalogue,"Thank you paddyy aku suka bgttt ini ke 2 kalinya order disini. Bgussss bngett, desainnya lucuuuuu mewahhh. Tahan lamaaa juga gambarnyaaa. Ditunggu barang selanjutnya dtng ",5,https://bit.ly/PremiumCasePrintCatalogue
184,Premium Case Print Catalogue,tidak diberi tahu kalau bahan tidak semunya sama. moga kedepan bisa lebih baik lagi.,3,https://bit.ly/PremiumCasePrintCatalogue
185,Ultra Tech+ Case,Tidak pernah mengecewakan sih kualitasnya tiap beli case selalu disini baik via shopee maupun wa. Kmrn sempet terjadi kekeliruan tp ga masalah sih mindy nya top bangett pokoknya luvv sekebon and thank you so much mindy semoga makin berkah barokah berlimpah lancar rezekinyaa jaya jaya deh ,5,https://bit.ly/UltraTechCase
186,Premium Case Print Catalogue,Tidak sesuai HP,2,https://bit.ly/PremiumCasePrintCatalogue
187,Utra Grip Case 2.0,"tidak sesuai pesanan, kirain full nutupin pinggir hp, ternyata tidak. ",1,https://bit.ly/UltraGripCase2
188,Ultra Tech+ Case,Udah beberapa kali beli disini dan ga pernah kecewa sih sama hasilnya,5,https://bit.ly/UltraTechCase
189,Premium Case Print Catalogue,"Udah dipake dan kurang dr 1 bulan udh mengelupas. Walaupun ada kartu garansi tapi ttp perlu bayar juga dan harga totalnya hampir mirip harga awal beli casingnya. Udah cb hub adminnya tapi belum bisa nemuin solusi yg cocok sampe skg, jd mohon maaf aku edit penilainnya",2,https://bit.ly/PremiumCasePrintCatalogue
190,Utra Grip Case 2.0,"Udah lama banget nunggu sampe 2 mingguan tapi case yg dateng gambarnya pecah², ada lecet. Terus katanya anti gores tapi baru dicoba neken pake jari cat printnya yg""X""item itu ikutan belepotan. Kurang suka sama respon adminnya yg blng kalo ekspetasi saya berbeda terus adminnya ngetik suka disingkat!",1,https://bit.ly/UltraGripCase2
191,Premium Case Print Catalogue,Udh 2x order dsni. Yg ke 1 iphone case. Itu ga ada pelindung cameranya its ok krn sblmnya ga tny ke csnya. (Foto 1) Yg ke 2 order samsung a52s malah sama juga ga ada pelindung cam pdhl sdh tny sblmnya ke cs. (Foto 2) Bahannya bgs tp syg un ga improve sm produknya sdgkn case yg murahan aja ada pelindung camnya (Foto 3).,3,https://bit.ly/PremiumCasePrintCatalogue
192,Utra Grip Case 2.0,"Udh join live tp ga dpt gift cmn krn lupa nulis kata live:( padahal udh sering belanja disini.. trs gmn gambarnya aja udh lepas gitu print an nya dan gak rapi di sisi""nya:(((((",2,https://bit.ly/UltraGripCase2
193,Utra Grip Case 2.0,"Ultra grip case custom nya ga sesuai apa yg saya minta dan sampaikan, malah ada bagian yg luntur trs jg bagian pinggiran dalam case nya lepas. Padahal ekspetasi aku tinggi bgt huhuhu sedih:( kalo tau gini mendingan lgsg jual yg dr katalog aja drpd custom tp hasilnya krg bagus:(",1,https://bit.ly/UltraGripCase2
194,Utra Grip Case 2.0,"ultra grip di rinciannya tertulis bahan tebal namun ringan, tapi nyatanya bahannya tipis bgt. Ini mah bahan tpu softcase biasa yang murah. Untuk harga 100k lebih kualitas barang gak sesuai sama harganya. Hasil print juga gak sebagus yang di kira. Bumper di bagian dalam juga copot2an. Nyesel belinya.",2,https://bit.ly/UltraGripCase2
195,Premium Case Print Catalogue,"Untk yg bobba ny sih ok. Paling d kamera agk kurang pas dikit. Tp its ok. Trs yg marble U nya kaget bgt pas nyampe, katanya blink2 gt yg pinknya. Eh trnyata foto blink2 doang. Kecewa sih sbenarnya buat yg marble U, tp yaudahlah. Respon penjual sangat baik.",2,https://bit.ly/PremiumCasePrintCatalogue
196,Utra Grip Case 2.0,Warna dan hasil printnya bagus bgt sesuai katalog.. semoga awet dan ga menguning,5,https://bit.ly/UltraGripCase2
197,Utra Grip Case 2.0,Warnanya ga setajem yang dibilang.. gasesuai ekspektasi.. matanya aja ga seitem yg digambar :') sedii.. pdhl uda nunggu2 lama._... bahannya si lumayan tapi item2nya ga begitu nempel.. moga2 kedepannya bsa lebi baik:),3,https://bit.ly/UltraGripCase2
198,Premium Case Print Catalogue,worth it banget! cetakannya bagus dan desainnya cakep dapet bonus popsocket juga huhu seneng bgtt,5,https://bit.ly/PremiumCasePrintCatalogue
199,Premium Case Print Catalogue,"Yayyy dapet yang ngelindungin kameranya, lebih cepet dari estimasi. Kali kedua beli di paddycase",5,https://bit.ly/PremiumCasePrintCatalogue
200,Premium Case Print Catalogue,"yg ga sesuai aama ekspektasi model print yg aku pilih sii, beda ky di desain yg di feed ig huhu. bedanya tuh bukan beda desainnya, tapi lebih ke kaya ekspektasi hasilnya.",4,https://bit.ly/PremiumCasePrintCatalogue
